[
	{
		"id": 1,
		"label": "Eukanuba Active Adult Large Breed",
		"imagePath": "./img/Eukanuba.png",
		"price": 45
	},
	{
		"id": 2,
		"label": "Comfort Dog House",
		"imagePath": "./img/Dog-House.png",
		"price": 102.99
	},
	{
		"id": 3,
		"label": "Wild Knot Bears",
		"imagePath": "./img/Bear.png",
		"price": 4.99
	},
	{
		"id": 4,
		"label": "6 x Barkoo Chew Bones with Filling",
		"imagePath": "./img/Chew-Bones.png",
		"price": 5.79
	},
	{
		"id": 5,
		"label": "Barkoo Filled Chew Bone - with Mint",
		"imagePath": "./img/Chew-Bones-Mint.png",
		"price": 8.69
	}
]